Memory Index,Q0.7 Signed Binary Value,X Axis Value,Sigmoid Value (Real),Actual Stored LUT Decimal Value (Q0.7),Actual Stored LUT Binary Value,Absolute Error,MAE
0,10000000,-6.000000000,0.002472623,0.000000000,00000000,0.002472623,0.002161178
1,10000001,-5.952941176,0.002591454,0.000000000,00000000,0.002591454,
2,10000010,-5.905882353,0.002715981,0.000000000,00000000,0.002715981,
3,10000011,-5.858823529,0.002846475,0.000000000,00000000,0.002846475,
4,10000100,-5.811764706,0.002983219,0.000000000,00000000,0.002983219,
5,10000101,-5.764705882,0.003126512,0.000000000,00000000,0.003126512,
6,10000110,-5.717647059,0.003276665,0.000000000,00000000,0.003276665,
7,10000111,-5.670588235,0.003434005,0.000000000,00000000,0.003434005,
8,10001000,-5.623529412,0.003598872,0.000000000,00000000,0.003598872,
9,10001001,-5.576470588,0.003771625,0.000000000,00000000,0.003771625,
10,10001010,-5.529411765,0.003952637,0.007812500,00000001,0.003859863,
11,10001011,-5.482352941,0.004142301,0.007812500,00000001,0.003670199,
12,10001100,-5.435294118,0.004341026,0.007812500,00000001,0.003471474,
13,10001101,-5.388235294,0.004549241,0.007812500,00000001,0.003263259,
14,10001110,-5.341176471,0.004767395,0.007812500,00000001,0.003045105,
15,10001111,-5.294117647,0.004995958,0.007812500,00000001,0.002816542,
16,10010000,-5.247058824,0.005235421,0.007812500,00000001,0.002577079,
17,10010001,-5.200000000,0.005486299,0.007812500,00000001,0.002326201,
18,10010010,-5.152941176,0.005749129,0.007812500,00000001,0.002063371,
19,10010011,-5.105882353,0.006024474,0.007812500,00000001,0.001788026,
20,10010100,-5.058823529,0.006312923,0.007812500,00000001,0.001499577,
21,10010101,-5.011764706,0.006615091,0.007812500,00000001,0.001197409,
22,10010110,-4.964705882,0.006931621,0.007812500,00000001,0.000880879,
23,10010111,-4.917647059,0.007263186,0.007812500,00000001,0.000549314,
24,10011000,-4.870588235,0.007610489,0.007812500,00000001,0.000202011,
25,10011001,-4.823529412,0.007974266,0.007812500,00000001,0.000161766,
26,10011010,-4.776470588,0.008355285,0.007812500,00000001,0.000542785,
27,10011011,-4.729411765,0.008754349,0.007812500,00000001,0.000941849,
28,10011100,-4.682352941,0.009172297,0.007812500,00000001,0.001359797,
29,10011101,-4.635294118,0.009610004,0.007812500,00000001,0.001797504,
30,10011110,-4.588235294,0.010068388,0.007812500,00000001,0.002255888,
31,10011111,-4.541176471,0.010548402,0.007812500,00000001,0.002735902,
32,10100000,-4.494117647,0.011051046,0.007812500,00000001,0.003238546,
33,10100001,-4.447058824,0.011577361,0.007812500,00000001,0.003764861,
34,10100010,-4.400000000,0.012128435,0.015625000,00000010,0.003496565,
35,10100011,-4.352941176,0.012705402,0.015625000,00000010,0.002919598,
36,10100100,-4.305882353,0.013309447,0.015625000,00000010,0.002315553,
37,10100101,-4.258823529,0.013941805,0.015625000,00000010,0.001683195,
38,10100110,-4.211764706,0.014603761,0.015625000,00000010,0.001021239,
39,10100111,-4.164705882,0.015296660,0.015625000,00000010,0.000328340,
40,10101000,-4.117647059,0.016021901,0.015625000,00000010,0.000396901,
41,10101001,-4.070588235,0.016780940,0.015625000,00000010,0.001155940,
42,10101010,-4.023529412,0.017575296,0.015625000,00000010,0.001950296,
43,10101011,-3.976470588,0.018406551,0.015625000,00000010,0.002781551,
44,10101100,-3.929411765,0.019276350,0.015625000,00000010,0.003651350,
45,10101101,-3.882352941,0.020186406,0.023437500,00000011,0.003251094,
46,10101110,-3.835294118,0.021138500,0.023437500,00000011,0.002299000,
47,10101111,-3.788235294,0.022134486,0.023437500,00000011,0.001303014,
48,10110000,-3.741176471,0.023176289,0.023437500,00000011,0.000261211,
49,10110001,-3.694117647,0.024265909,0.023437500,00000011,0.000828409,
50,10110010,-3.647058824,0.025405425,0.023437500,00000011,0.001967925,
51,10110011,-3.600000000,0.026596994,0.023437500,00000011,0.003159494,
52,10110100,-3.552941176,0.027842852,0.031250000,00000100,0.003407148,
53,10110101,-3.505882353,0.029145323,0.031250000,00000100,0.002104677,
54,10110110,-3.458823529,0.030506810,0.031250000,00000100,0.000743190,
55,10110111,-3.411764706,0.031929805,0.031250000,00000100,0.000679805,
56,10111000,-3.364705882,0.033416888,0.031250000,00000100,0.002166888,
57,10111001,-3.317647059,0.034970728,0.031250000,00000100,0.003720728,
58,10111010,-3.270588235,0.036594084,0.039062500,00000101,0.002468416,
59,10111011,-3.223529412,0.038289808,0.039062500,00000101,0.000772692,
60,10111100,-3.176470588,0.040060841,0.039062500,00000101,0.000998341,
61,10111101,-3.129411765,0.041910221,0.039062500,00000101,0.002847721,
62,10111110,-3.082352941,0.043841076,0.046875000,00000110,0.003033924,
63,10111111,-3.035294118,0.045856632,0.046875000,00000110,0.001018368,
64,11000000,-2.988235294,0.047960202,0.046875000,00000110,0.001085202,
65,11000001,-2.941176471,0.050155197,0.046875000,00000110,0.003280197,
66,11000010,-2.894117647,0.052445116,0.054687500,00000111,0.002242384,
67,11000011,-2.847058824,0.054833550,0.054687500,00000111,0.000146050,
68,11000100,-2.800000000,0.057324176,0.054687500,00000111,0.002636676,
69,11000101,-2.752941176,0.059920758,0.062500000,00001000,0.002579242,
70,11000110,-2.705882353,0.062627143,0.062500000,00001000,0.000127143,
71,11000111,-2.658823529,0.065447254,0.062500000,00001000,0.002947254,
72,11001000,-2.611764706,0.068385091,0.070312500,00001001,0.001927409,
73,11001001,-2.564705882,0.071444722,0.070312500,00001001,0.001132222,
74,11001010,-2.517647059,0.074630278,0.078125000,00001010,0.003494722,
75,11001011,-2.470588235,0.077945948,0.078125000,00001010,0.000179052,
76,11001100,-2.423529412,0.081395969,0.078125000,00001010,0.003270969,
77,11001101,-2.376470588,0.084984619,0.085937500,00001011,0.000952881,
78,11001110,-2.329411765,0.088716208,0.085937500,00001011,0.002778708,
79,11001111,-2.282352941,0.092595067,0.093750000,00001100,0.001154933,
80,11010000,-2.235294118,0.096625535,0.093750000,00001100,0.002875535,
81,11010001,-2.188235294,0.100811950,0.101562500,00001101,0.000750550,
82,11010010,-2.141176471,0.105158632,0.101562500,00001101,0.003596132,
83,11010011,-2.094117647,0.109669871,0.109375000,00001110,0.000294871,
84,11010100,-2.047058824,0.114349908,0.117187500,00001111,0.002837592,
85,11010101,-2.000000000,0.119202922,0.117187500,00001111,0.002015422,
86,11010110,-1.952941176,0.124233007,0.125000000,00010000,0.000766993,
87,11010111,-1.905882353,0.129444155,0.132812500,00010001,0.003368345,
88,11011000,-1.858823529,0.134840238,0.132812500,00010001,0.002027738,
89,11011001,-1.811764706,0.140424980,0.140625000,00010010,0.000200020,
90,11011010,-1.764705882,0.146201940,0.148437500,00010011,0.002235560,
91,11011011,-1.717647059,0.152174486,0.148437500,00010011,0.003736986,
92,11011100,-1.670588235,0.158345768,0.156250000,00010100,0.002095768,
93,11011101,-1.623529412,0.164718696,0.164062500,00010101,0.000656196,
94,11011110,-1.576470588,0.171295914,0.171875000,00010110,0.000579086,
95,11011111,-1.529411765,0.178079768,0.179687500,00010111,0.001607732,
96,11100000,-1.482352941,0.185072284,0.187500000,00011000,0.002427716,
97,11100001,-1.435294118,0.192275139,0.195312500,00011001,0.003037361,
98,11100010,-1.388235294,0.199689632,0.203125000,00011010,0.003435368,
99,11100011,-1.341176471,0.207316655,0.210937500,00011011,0.003620845,
100,11100100,-1.294117647,0.215156672,0.218750000,00011100,0.003593328,
101,11100101,-1.247058824,0.223209686,0.226562500,00011101,0.003352814,
102,11100110,-1.200000000,0.231475217,0.234375000,00011110,0.002899783,
103,11100111,-1.152941176,0.239952275,0.242187500,00011111,0.002235225,
104,11101000,-1.105882353,0.248639342,0.250000000,00100000,0.001360658,
105,11101001,-1.058823529,0.257534344,0.257812500,00100001,0.000278156,
106,11101010,-1.011764706,0.266634637,0.265625000,00100010,0.001009637,
107,11101011,-0.964705882,0.275936989,0.273437500,00100011,0.002499489,
108,11101100,-0.917647059,0.285437565,0.289062500,00100101,0.003624935,
109,11101101,-0.870588235,0.295131917,0.296875000,00100110,0.001743083,
110,11101110,-0.823529412,0.305014978,0.304687500,00100111,0.000327478,
111,11101111,-0.776470588,0.315081053,0.312500000,00101000,0.002581053,
112,11110000,-0.729411765,0.325323825,0.328125000,00101010,0.002801175,
113,11110001,-0.682352941,0.335736353,0.335937500,00101011,0.000201147,
114,11110010,-0.635294118,0.346311084,0.343750000,00101100,0.002561084,
115,11110011,-0.588235294,0.357039862,0.359375000,00101110,0.002335138,
116,11110100,-0.541176471,0.367913948,0.367187500,00101111,0.000726448,
117,11110101,-0.494117647,0.378924036,0.382812500,00110001,0.003888464,
118,11110110,-0.447058824,0.390060284,0.390625000,00110010,0.000564716,
119,11110111,-0.400000000,0.401312340,0.398437500,00110011,0.002874840,
120,11111000,-0.352941176,0.412669376,0.414062500,00110101,0.001393124,
121,11111001,-0.305882353,0.424120127,0.421875000,00110110,0.002245127,
122,11111010,-0.258823529,0.435652933,0.437500000,00111000,0.001847067,
123,11111011,-0.211764706,0.447255783,0.445312500,00111001,0.001943283,
124,11111100,-0.164705882,0.458916364,0.460937500,00111011,0.002021136,
125,11111101,-0.117647059,0.470622112,0.468750000,00111100,0.001872112,
126,11111110,-0.070588235,0.482360265,0.484375000,00111110,0.002014735,
127,11111111,-0.023529412,0.494117918,0.492187500,00111111,0.001930418,
128,00000000,0.023529412,0.505882082,0.507812500,01000001,0.001930418,
129,00000001,0.070588235,0.517639735,0.515625000,01000010,0.002014735,
130,00000010,0.117647059,0.529377888,0.531250000,01000100,0.001872112,
131,00000011,0.164705882,0.541083636,0.539062500,01000101,0.002021136,
132,00000100,0.211764706,0.552744217,0.554687500,01000111,0.001943283,
133,00000101,0.258823529,0.564347067,0.562500000,01001000,0.001847067,
134,00000110,0.305882353,0.575879873,0.578125000,01001010,0.002245127,
135,00000111,0.352941176,0.587330624,0.585937500,01001011,0.001393124,
136,00001000,0.400000000,0.598687660,0.601562500,01001101,0.002874840,
137,00001001,0.447058824,0.609939716,0.609375000,01001110,0.000564716,
138,00001010,0.494117647,0.621075964,0.617187500,01001111,0.003888464,
139,00001011,0.541176471,0.632086052,0.632812500,01010001,0.000726448,
140,00001100,0.588235294,0.642960138,0.640625000,01010010,0.002335138,
141,00001101,0.635294118,0.653688916,0.656250000,01010100,0.002561084,
142,00001110,0.682352941,0.664263647,0.664062500,01010101,0.000201147,
143,00001111,0.729411765,0.674676175,0.671875000,01010110,0.002801175,
144,00010000,0.776470588,0.684918947,0.687500000,01011000,0.002581053,
145,00010001,0.823529412,0.694985022,0.695312500,01011001,0.000327478,
146,00010010,0.870588235,0.704868083,0.703125000,01011010,0.001743083,
147,00010011,0.917647059,0.714562435,0.710937500,01011011,0.003624935,
148,00010100,0.964705882,0.724063011,0.726562500,01011101,0.002499489,
149,00010101,1.011764706,0.733365363,0.734375000,01011110,0.001009637,
150,00010110,1.058823529,0.742465656,0.742187500,01011111,0.000278156,
151,00010111,1.105882353,0.751360658,0.750000000,01100000,0.001360658,
152,00011000,1.152941176,0.760047725,0.757812500,01100001,0.002235225,
153,00011001,1.200000000,0.768524783,0.765625000,01100010,0.002899783,
154,00011010,1.247058824,0.776790314,0.773437500,01100011,0.003352814,
155,00011011,1.294117647,0.784843328,0.781250000,01100100,0.003593328,
156,00011100,1.341176471,0.792683345,0.789062500,01100101,0.003620845,
157,00011101,1.388235294,0.800310368,0.796875000,01100110,0.003435368,
158,00011110,1.435294118,0.807724861,0.804687500,01100111,0.003037361,
159,00011111,1.482352941,0.814927716,0.812500000,01101000,0.002427716,
160,00100000,1.529411765,0.821920232,0.820312500,01101001,0.001607732,
161,00100001,1.576470588,0.828704086,0.828125000,01101010,0.000579086,
162,00100010,1.623529412,0.835281304,0.835937500,01101011,0.000656196,
163,00100011,1.670588235,0.841654232,0.843750000,01101100,0.002095768,
164,00100100,1.717647059,0.847825514,0.851562500,01101101,0.003736986,
165,00100101,1.764705882,0.853798060,0.851562500,01101101,0.002235560,
166,00100110,1.811764706,0.859575020,0.859375000,01101110,0.000200020,
167,00100111,1.858823529,0.865159762,0.867187500,01101111,0.002027738,
168,00101000,1.905882353,0.870555845,0.867187500,01101111,0.003368345,
169,00101001,1.952941176,0.875766993,0.875000000,01110000,0.000766993,
170,00101010,2.000000000,0.880797078,0.882812500,01110001,0.002015422,
171,00101011,2.047058824,0.885650092,0.882812500,01110001,0.002837592,
172,00101100,2.094117647,0.890330129,0.890625000,01110010,0.000294871,
173,00101101,2.141176471,0.894841368,0.898437500,01110011,0.003596132,
174,00101110,2.188235294,0.899188050,0.898437500,01110011,0.000750550,
175,00101111,2.235294118,0.903374465,0.906250000,01110100,0.002875535,
176,00110000,2.282352941,0.907404933,0.906250000,01110100,0.001154933,
177,00110001,2.329411765,0.911283792,0.914062500,01110101,0.002778708,
178,00110010,2.376470588,0.915015381,0.914062500,01110101,0.000952881,
179,00110011,2.423529412,0.918604031,0.921875000,01110110,0.003270969,
180,00110100,2.470588235,0.922054052,0.921875000,01110110,0.000179052,
181,00110101,2.517647059,0.925369722,0.921875000,01110110,0.003494722,
182,00110110,2.564705882,0.928555278,0.929687500,01110111,0.001132222,
183,00110111,2.611764706,0.931614909,0.929687500,01110111,0.001927409,
184,00111000,2.658823529,0.934552746,0.937500000,01111000,0.002947254,
185,00111001,2.705882353,0.937372857,0.937500000,01111000,0.000127143,
186,00111010,2.752941176,0.940079242,0.937500000,01111000,0.002579242,
187,00111011,2.800000000,0.942675824,0.945312500,01111001,0.002636676,
188,00111100,2.847058824,0.945166450,0.945312500,01111001,0.000146050,
189,00111101,2.894117647,0.947554884,0.945312500,01111001,0.002242384,
190,00111110,2.941176471,0.949844803,0.953125000,01111010,0.003280197,
191,00111111,2.988235294,0.952039798,0.953125000,01111010,0.001085202,
192,01000000,3.035294118,0.954143368,0.953125000,01111010,0.001018368,
193,01000001,3.082352941,0.956158924,0.953125000,01111010,0.003033924,
194,01000010,3.129411765,0.958089779,0.960937500,01111011,0.002847721,
195,01000011,3.176470588,0.959939159,0.960937500,01111011,0.000998341,
196,01000100,3.223529412,0.961710192,0.960937500,01111011,0.000772692,
197,01000101,3.270588235,0.963405916,0.960937500,01111011,0.002468416,
198,01000110,3.317647059,0.965029272,0.968750000,01111100,0.003720728,
199,01000111,3.364705882,0.966583112,0.968750000,01111100,0.002166888,
200,01001000,3.411764706,0.968070195,0.968750000,01111100,0.000679805,
201,01001001,3.458823529,0.969493190,0.968750000,01111100,0.000743190,
202,01001010,3.505882353,0.970854677,0.968750000,01111100,0.002104677,
203,01001011,3.552941176,0.972157148,0.968750000,01111100,0.003407148,
204,01001100,3.600000000,0.973403006,0.976562500,01111101,0.003159494,
205,01001101,3.647058824,0.974594575,0.976562500,01111101,0.001967925,
206,01001110,3.694117647,0.975734091,0.976562500,01111101,0.000828409,
207,01001111,3.741176471,0.976823711,0.976562500,01111101,0.000261211,
208,01010000,3.788235294,0.977865514,0.976562500,01111101,0.001303014,
209,01010001,3.835294118,0.978861500,0.976562500,01111101,0.002299000,
210,01010010,3.882352941,0.979813594,0.976562500,01111101,0.003251094,
211,01010011,3.929411765,0.980723650,0.984375000,01111110,0.003651350,
212,01010100,3.976470588,0.981593449,0.984375000,01111110,0.002781551,
213,01010101,4.023529412,0.982424704,0.984375000,01111110,0.001950296,
214,01010110,4.070588235,0.983219060,0.984375000,01111110,0.001155940,
215,01010111,4.117647059,0.983978099,0.984375000,01111110,0.000396901,
216,01011000,4.164705882,0.984703340,0.984375000,01111110,0.000328340,
217,01011001,4.211764706,0.985396239,0.984375000,01111110,0.001021239,
218,01011010,4.258823529,0.986058195,0.984375000,01111110,0.001683195,
219,01011011,4.305882353,0.986690553,0.984375000,01111110,0.002315553,
220,01011100,4.352941176,0.987294598,0.984375000,01111110,0.002919598,
221,01011101,4.400000000,0.987871565,0.984375000,01111110,0.003496565,
222,01011110,4.447058824,0.988422639,0.992187500,01111111,0.003764861,
223,01011111,4.494117647,0.988948954,0.992187500,01111111,0.003238546,
224,01100000,4.541176471,0.989451598,0.992187500,01111111,0.002735902,
225,01100001,4.588235294,0.989931612,0.992187500,01111111,0.002255888,
226,01100010,4.635294118,0.990389996,0.992187500,01111111,0.001797504,
227,01100011,4.682352941,0.990827703,0.992187500,01111111,0.001359797,
228,01100100,4.729411765,0.991245651,0.992187500,01111111,0.000941849,
229,01100101,4.776470588,0.991644715,0.992187500,01111111,0.000542785,
230,01100110,4.823529412,0.992025734,0.992187500,01111111,0.000161766,
231,01100111,4.870588235,0.992389511,0.992187500,01111111,0.000202011,
232,01101000,4.917647059,0.992736814,0.992187500,01111111,0.000549314,
233,01101001,4.964705882,0.993068379,0.992187500,01111111,0.000880879,
234,01101010,5.011764706,0.993384909,0.992187500,01111111,0.001197409,
235,01101011,5.058823529,0.993687077,0.992187500,01111111,0.001499577,
236,01101100,5.105882353,0.993975526,0.992187500,01111111,0.001788026,
237,01101101,5.152941176,0.994250871,0.992187500,01111111,0.002063371,
238,01101110,5.200000000,0.994513701,0.992187500,01111111,0.002326201,
239,01101111,5.247058824,0.994764579,0.992187500,01111111,0.002577079,
240,01110000,5.294117647,0.995004042,0.992187500,01111111,0.002816542,
241,01110001,5.341176471,0.995232605,0.992187500,01111111,0.003045105,
242,01110010,5.388235294,0.995450759,0.992187500,01111111,0.003263259,
243,01110011,5.435294118,0.995658974,0.992187500,01111111,0.003471474,
244,01110100,5.482352941,0.995857699,0.992187500,01111111,0.003670199,
245,01110101,5.529411765,0.996047363,0.992187500,01111111,0.003859863,
246,01110110,5.576470588,0.996228375,0.992187500,01111111,0.004040875,
247,01110111,5.623529412,0.996401128,0.992187500,01111111,0.004213628,
248,01111000,5.670588235,0.996565995,0.992187500,01111111,0.004378495,
249,01111001,5.717647059,0.996723335,0.992187500,01111111,0.004535835,
250,01111010,5.764705882,0.996873488,0.992187500,01111111,0.004685988,
251,01111011,5.811764706,0.997016781,0.992187500,01111111,0.004829281,
252,01111100,5.858823529,0.997153525,0.992187500,01111111,0.004966025,
253,01111101,5.905882353,0.997284019,0.992187500,01111111,0.005096519,
254,01111110,5.952941176,0.997408546,0.992187500,01111111,0.005221046,
255,01111111,6.000000000,0.997527377,0.992187500,01111111,0.005339877,
